{"cameraMode":{"drawMode":0,"name":"Shaded","section":"Shading Mode"},"sceneLighting":true,"audioPlay":false,"sceneViewState":{"showFog":true,"showMaterialUpdate":false,"showSkybox":true,"showFlares":true,"showImageEffects":true,"showParticleSystems":true},"in2DMode":false,"pivot":{"x":15.636144638061524,"y":6.24811315536499,"z":8.715584754943848},"rotation":{"x":0.012030593119561673,"y":-0.21138334274291993,"z":0.002603452419862151,"w":0.9773357510566711},"size":0.6500246524810791,"orthographic":false}